image,text
1.jpg, a young girl in a yellow shirt and orange skirt is walking through a field in Ghibli style
10.jpg, a young girl in a yellow dress stands in front of a forest in Ghibli style
100.jpg, a boy and girl eating food in a roomin Ghibli style
101.jpg, a cartoon scene with a man and woman sleeping on a couch in Ghibli style
102.jpg, a cartoon character in a red dress and a green bag in Ghibli style
103.jpg, a girl surrounded by many fish in Ghibli style
104.jpg, a girl in a boat with a house in the background in Ghibli style
105.jpg, two young boys stand in the woods
106.jpg, a cartoon picture of two people in a room in Ghibli style
107.jpg, the little mermaid and her friends are looking at each other fish in Ghibli style
108.jpg, a boy and a girl in a field in Ghibli style
109.jpg, a cartoon character with a green hat and a red shirt in Ghibli style
11.jpg, a young girl in a yellow dress is dancing in Ghibli style
110.jpg, a boy is looking at a small fish in the water in Ghibli style
111.jpg, a cartoon character in a red shirt and white pants in Ghibli style
112.jpg, a cartoon character floating in a blue pool in Ghibli style
113.jpg, a boy in a red shirt is standing on a rock with a shark in the background in Ghibli style
114.jpg, a boy and girl standing on a boat in the water in Ghibli style
115.jpg, a boy and girl kissing on a couch in Ghibli style
116.jpg, a boy and girl in a boat with seaguls in Ghibli style
117.jpg, a boy holding a red book in front of a forest in Ghibli style
118.jpg, a boy and girl eating food in a room in Ghibli style
119.jpg, a boy and a girl in a field in Ghibli style
12.jpg, a woman and a child sit on a bed in front of a window in Ghibli style
120.jpg, a girl and boy in a field with a dog in Ghibli style
121.jpg, the legend of kora and the legend of kora in Ghibli style
122.jpg, a boy holding a bucket with a bird in it in Ghibli style
123.jpg, a boy in a yellow shirt is looking at a small boat in Ghibli style
124.jpg, a cartoon picture of two people in a room in Ghibli style
125.jpg, a boy and a girl hugging in front of a ship in Ghibli style
126.jpg, a boy blowing a bubble with a bubble gun in Ghibli style
127.jpg, a boy and girl are flying in the sky in Ghibli style
128.jpg, a cartoon character running through a garden in Ghibli style
129.jpg, a boy and a girl in a boat in Ghibli style
13.jpg, a young boy with a backpack looking at something in Ghibli style
130.jpg, a boy holding a bowl with a bird in it in Ghibli style
131.jpg, the jungle of the lost children in Ghibli style
132.jpg, two children looking at fish in the ocean in Ghibli style
133.jpg, a girl hugging her friend in the rain in Ghibli style
134.jpg, two young boys sit on a couch eating food in Ghibli style
135.jpg, a boy and a girl in a car in Ghibli style
136.jpg, a boy and a girl in a kitchen in Ghibli style
137.jpg, two young boys stand in the woods
138.jpg, a man and woman hug in a room in Ghibli style
139.jpg, a cartoon picture of a woman walking across a parking lot in Ghibli style
14.jpg, a boy sitting on a rock with a dog in Ghibli style
140.jpg, a boy is looking at a small fish in the water in Ghibli style
141.jpg, a girl in a blue shirt is sitting at a table in Ghibli style
142.jpg, a boy sitting on a tree branch with his head down in Ghibli style
143.jpg, a woman driving a car with a man in the back in Ghibli style
144.jpg, a cartoon picture of two people in a room in Ghibli style
145.jpg, a woman in a blue coat standing next to a man in a green suit in Ghibli style
146.jpg, a girl with a black shirt and a red background in Ghibli style
147.jpg, a woman hugging a man on a bed in Ghibli style
148.jpg, a girl looking out the window at a man in Ghibli style
149.jpg, the wind rises in Ghibli style
15.jpg, a young boy is hugging a large furry in Ghibli style
150.jpg, a woman in an apron standing in front of a green wall in Ghibli style
151.jpg, a boy and a girl sitting at a table in a library in Ghibli style
152.jpg, a boy pointing at something on the wall in Ghibli style
153.jpg, a woman in a pink apron holding a cup in Ghibli style
154.jpg, a boy and a girl hugging in front of a ship in Ghibli style
155.jpg, a young girl with short hair and a blue shirt looks at the camera in Ghibli style
156.jpg, a boy and girl eating food in a room in Ghibli style
157.jpg, a woman in a blue shirt and a man in a blue shirt stand in front of a car in Ghibli style
158.jpg, a boy and girl hug in the middle of a room in Ghibli style
159.jpg, the little prince and the little prince in the little prince in Ghibli style
16.jpg, a woman sitting on top of a rock next to a gorilla in Ghibli style
160.jpg, the promised in Ghibli style 
161.jpg, the family in the movie in Ghibli style
162.jpg, an old man in a blue suit standing on a balcony in Ghibli style
163.jpg, the family in the house in Ghibli style
164.jpg, a man with white hair and a white shirt in Ghibli style
165.jpg, a man and woman in a field with red flowers in Ghibli style
166.jpg, a cartoon character is walking towards a van in Ghibli style
167.jpg, the three mus in the mus ' s house in Ghibli style
168.jpg, an older man sitting in a chair holding a remote control in Ghibli style
169.jpg, a boy sitting on a rock in the woods in Ghibli style
17.jpg, a boy holding a gun in a room in Ghibli style
170.jpg, the three protagonists from the animated in Ghibli style
171.jpg, a cartoon picture of two people in a room in Ghibli style
18.jpg, two young girls in a kitchen with a large pot in Ghibli style
19.jpg, a girl in a yellow shirt stands in a forest in Ghibli style
2.jpg, a girl in a classroom with a boy looking at her in Ghibli style
20.jpg, a classroom full movie in Ghibli style
21.jpg, a little girl in a pink dress and straw hat stands in the grass with a white duck in Ghibli style
22.jpg, a cartoon character is standing in front of a barn in Ghibli style
23.jpg, a girl and a boy are sitting in front of a cave in Ghibli style
24.jpg, a girl in a pink dress standing in front of a tree in Ghibli style
25.jpg, a little girl sitting on a window sing in Ghibli style
26.jpg, a cartoon character sitting on a rock in the jungle in Ghibli style
27.jpg, a girl in a hat and a pink dress stands in front of a green forest in Ghibli style
28.jpg, the jungle book in Ghibli style
29.jpg, a cartoon character in a pink dress stands on a rock in Ghibli style
3.jpg, the secret garden in Ghibli style
30.jpg, a woman holding a baby in a hallway in Ghibli style
31.jpg, a cartoon character sitting in the grass in Ghibli style
32.jpg, the jungle of oz and the jungle of oz in Ghibli style
33.jpg, a girl sitting on a bench in a field in Ghibli style
34.jpg, a boy in a hat and a white shirt is standing on a boat in the water in Ghibli style
35.jpg, a boy and girl standing in the rain in Ghibli style
36.jpg, a cartoon character in a scene from the animated film in Ghibli style
37.jpg, a woman in a white shirt and a man in a white shirt in Ghibli style
38.jpg, a man in a uniform is holding a stick in Ghibli style
39.jpg, a man in a brown shirt and a brown shirt in Ghibli style
4.jpg, a cartoon book with a girl and a boy sitting on a bench in Ghibli style
40.jpg, a boy in a uniform and a hat in Ghibli style
41.jpg, a cartoon character with a white shirt and a white tank top in Ghibli style
42.jpg, a man in a sailor uniform holding a fish in Ghibli style
43.jpg, a boy in a white tank top and a blue cap stands in a doorway in Ghibli style
44.jpg, a boy looking out the window at a boat in Ghibli style
45.jpg, a cartoon character in a white shirt and blue cap in Ghibli style
46.jpg, a girl standing in the rain holding an umbrella in Ghibli style
47.jpg, a boy in a uniform stands in front of a building in Ghibli style
48.jpg, a girl and a boy are standing in a field in Ghibli style
49.jpg, a boy in a police uniform standing in front of a forest in Ghibli style
5.jpg, a woman holding a baby in a hallway in Ghibli style
50.jpg, a man in a hat and vest holding a basket in Ghibli style
51.jpg, a man in a uniform holding an umbrella in Ghibli style 
52.jpg, a woman sitting on a wooden floor with a knife in Ghibli style
53.jpg, a woman and a man are standing in front of a table in Ghibli style
54.jpg, a man riding a bike with two children in Ghibli style
55.jpg, a woman sitting on a bed next to a man in Ghibli style
56.jpg, a woman and a man sitting on a bed in Ghibli style
57.jpg, a woman in a blue jacket and white shirt in Ghibli style
58.jpg, a woman in a blue jacket holding a book in Ghibli style
59.jpg, a woman in a blue dress and a man in a white shirt in Ghibli style
6.jpg, a young boy in a yellow shirt and red apron in Ghibli style
60.jpg, a woman in a blue dress and a man in a white shirt  in Ghibli style
61.jpg, a woman in a blue jacket and white shirt  in Ghibli style
62.jpg, a woman in a suit and tie standing in front of a window in Ghibli style
63.jpg, a woman in a blue dress is standing in front of a window in Ghibli style
64.jpg, a cartoon of a woman in a room in Ghibli style
65.jpg, a girl with a big eye and a man with a big eye in Ghibli style
66.jpg, two girls standing in front of a building in Ghibli style
67.jpg, a girl in a red shirt and white aprons stands in front of a wooden floor in Ghibli style
68.jpg, a girl in a green shirt stands in front of a tree in Ghibli style
69.jpg, a girl in a white shirt and green shirt stands in the woods in Ghibli style
7.jpg, a girl and a boy in the jungle in Ghibli style
70.jpg, a girl running in a green and white shirt in Ghibli style
71.jpg, a girl sitting on a dragon in the night in Ghibli style
72.jpg, a girl in a red kimono outfit stands in front of a door in Ghibli style
73.jpg, a girl standing in front of a tunnel in Ghibli style
74.jpg, a girl looking out the window at a window in Ghibli style
75.jpg, a girl in a kimono kimono in Ghibli style
76.jpg, a girl standing in front of flowers  in Ghibli style
77.jpg, a girl with green hair and tears in the grass in Ghibli style
78.jpg, a girl looks out the window at a man in a green shirt in Ghibli style
79.jpg, a boy stands in the middle of a street with buildings and a string of lights in Ghibli style
8.jpg, a cartoon character from the animated film
80.jpg, a girl in a red dress standing in front of a red curtain in Ghibli style
81.jpg, a girl in a pink dress with a white bag in Ghibli style
82.jpg, a girl sitting in the back of a car with flowers in Ghibli style
83.jpg, two girls sitting in the grass reading books in Ghibli style
84.jpg, a white dragon with green hair and a long tail in Ghibli style
85.jpg, a cartoon character flying through the air in Ghibli style
86.jpg, a girl kissing a white bird in the night in Ghibli style
87.jpg, a girl with long hair and green eyes is standing in front of a blue sky in Ghibli style
88.jpg, a girl with green eyes and a white shirt in Ghibli style
89.jpg, a girl riding on a white wolf in Ghibli style
9.jpg, a young girl in a yellow shirt and orange skirt stands in front of a stream in Ghibli style
90.jpg, two girls sitting in the grass reading books in Ghibli style
91.jpg, two girls standing in front of a building in Ghibli style
92.jpg, a girl in a white shirt and suspends stands in front of a blue sky  in Ghibli style
93.jpg, a boy and girl kissing in the sky in Ghibli style
94.jpg, a cartoon character floating in the water in Ghibli style
95.jpg, a girl and boy are standing in the rain in Ghibli style
96.jpg, a boy blowing a bubble with a bubble gun in Ghibli style
97.jpg, a cartoon character in a boat with two people in Ghibli style
98.jpg, a girl is standing in front of a whale in Ghibli style
99.jpg, a cartoon character in a blue hat and a red hat in Ghibli style
